id,CompanyNo,BusinessName,PostCode,IndustryCode,EmploymentBands,Turnover,LegalStatus,TradingStatus,UPRN,VatRefs,PayeRefs
1000012345000001,12000531,BIG BOX CEREAL 5 LTD,SL6 1AZ,10612,1,10,1,A,10023450194,"553769640209,553769640247",""
1000012345000002,12021594,BIG BOX CEREAL 25 LTD,S71 5QU,10612,1,10,1,A,10023450191,"553769640234",""
1000012345000003,12048530,BIG BOX CEREAL 47 LTD,W10 6SQ,10612,1,10,1,A,10023450204,"553769640260",""
1000012345000004,12094821,BIG BOX CEREAL 10 LTD,OL12 0NS,10612,1,10,1,A,10023450169,"553769640218",""
1000012345000005,12105317,BIG BOX CEREAL 37 LTD,KT10 9DN,10612,1,10,1,A,10023450152,"553769640249",""
1000012345000006,12117650,BIG BOX CEREAL LTD,DN22 7TD,10612,1,10,1,A,10023450134,"553769640200","965H7103022"
1000012345000007,12146788,BIG BOX CEREAL 23 LTD,ME4 6BB,10612,1,10,1,A,10023450160,"553769640232",""
1000012345000008,12146805,BIG BOX CEREAL 43 LTD,WF2 8TL,10612,1,10,1,A,10023450208,"553769640255",""
1000012345000009,12174673,BIG BOX CEREAL 27 LTD,SW1W 8RB,10612,1,10,1,A,10023450198,"553769640237",""
1000012345000010,12213988,BIG BOX CEREAL 13 LTD,OL16 5NZ,10612,1,10,1,A,10023450178,"553769640221",""
1000012345000011,12213989,BIG BOX CEREAL 11 LTD,OL12 7BP,10612,1,10,1,A,10023450172,"553769640219",""
1000012345000012,12213990,BIG BOX CEREAL 15 LTD,OL16 1DL,10612,1,10,1,A,10023450175,"553769640223",""
1000012345000013,12213991,BIG BOX CEREAL 16 LTD,OL11 1HH,10612,1,10,1,A,10023450165,"553769640224","965H7Z96143"
1000012345000014,12213992,BIG BOX CEREAL 12 LTD,OL11 5PN,10612,1,10,1,A,10023450168,"553769640220",""
1000012345000015,12214913,BIG BOX CEREAL 14 LTD,OL16 1UT,10612,1,10,1,A,10023450176,"553769640222",""
1000012345000016,12228814,BIG BOX CEREAL 42 LTD,DH2 2EF,10612,1,10,1,A,10023450131,"553769640254",""
1000012345000017,12240849,BIG BOX CEREAL 50 LTD,RH6 0LD,10612,1,10,1,A,10023450184,"553769640269",""
1000012345000018,12242321,BIG BOX CEREAL 39 LTD,KA20 3AE,10612,1,10,1,A,10023450151,"553769640251",""
1000012345000019,12245644,BIG BOX CEREAL 51 LTD,RH6 0LD,10612,1,10,1,A,10023450184,"553769640270",""
1000012345000020,12255898,BIG BOX CEREAL 55 LTD,BT17 9RY,10612,1,10,1,A,10023450107,"553769640274",""
1000012345000021,12259635,BIG BOX CEREAL 36 LTD,RM8 1HJ,10612,1,10,1,A,10023450189,"553769640248",""
1000012345000022,12281636,BIG BOX CEREAL 49 LTD,HD1 1AA,10612,1,10,1,A,10023450148,"553769640268",""
1000012345000023,12292633,BIG BOX CEREAL 24 LTD,ME14 4DY,10612,1,10,1,A,10023450159,"553769640233","575H7Z87548"
1000012345000024,12304213,BIG BOX CEREAL 35 LTD,RM2 5HA,10612,1,10,1,A,10023450188,"553769640246",""
1000012345000025,12309927,BIG BOX CEREAL 44 LTD,ST4 6DU,10612,1,10,1,A,10023450196,"553769640256",""
1000012345000026,12311102,BIG BOX CEREAL 6 LTD,GU35 8JR,10612,1,10,1,A,10023450144,"553769640212",""
1000012345000027,12315567,BIG BOX CEREAL 48 LTD,G11 5LL,10612,1,10,1,A,10023450139,"553769640265",""
1000012345000028,12319481,BIG BOX CEREAL 26 LTD,WF14 8NF,10612,1,10,1,A,10023450207,"553769640236",""
1000012345000029,12337373,BIG BOX CEREAL 45 LTD,BN3 8AG,10612,1,10,1,A,10023450104,"553769640257",""
1000012345000030,12375902,BIG BOX CEREAL 41 LTD,CA14 4JX,10612,1,10,1,A,10023450115,"553769640253",""
1000012345000031,12383697,BIG BOX CEREAL 40 LTD,KA20 3AE,10612,1,10,1,A,10023450151,"553769640252",""
1000012345000032,12386585,BIG BOX CEREAL 53 LTD,TF1 6NA,10612,1,10,1,A,10023450200,"553769640272",""
1000012345000033,12468391,BIG BOX CEREAL 18 LTD,OL12 0SA,10612,1,10,1,A,10023450171,"553769640226",""
1000012345000034,12475045,BIG BOX CEREAL 28 LTD,DA12 1AF,10612,1,10,1,A,10023450125,"553769640238",""
1000012345000035,12477828,BIG BOX CEREAL 19 LTD,OL12 0NZ,10612,1,10,1,A,10023450170,"553769640227",""
1000012345000036,12487119,BIG BOX CEREAL 32 LTD,RM1 1RX,10612,1,10,1,A,10023450185,"553769640242",""
1000012345000037,12487121,BIG BOX CEREAL 33 LTD,RM1 4DD,10612,1,10,1,A,10023450186,"553769640243",""
1000012345000038,12538434,BIG BOX CEREAL 21 LTD,OL12 9DB,10612,1,10,1,A,10023450174,"553769640230",""
1000012345000039,12542140,BIG BOX CEREAL 52 LTD,TF1 6NA,10612,1,10,1,A,10023450200,"553769640271",""
1000012345000040,12548573,BIG BOX CEREAL 3 LTD,PR26 7QS,10612,1,10,1,A,10023450182,"553769640207",""
1000012345000041,12612278,BIG BOX CEREAL 56 LTD,BT36 5HE,10612,1,10,1,A,10023450109,"553769640276",""
1000012345000042,12648116,BIG BOX CEREAL 22 LTD,OL10 2EW,10612,1,10,1,A,10023450164,"553769640231",""
1000012345000043,12649897,BIG BOX CEREAL 2 LTD,CA8 7DR,10612,1,10,1,A,10023450116,"553769640203",""
1000012345000044,12692047,BIG BOX CEREAL 4 LTD,WV4 4NJ,10612,1,10,1,A,10023450209,"553769640208",""
1000012345000045,12717026,BIG BOX CEREAL 8 LTD,OL16 5QN,10612,1,10,1,A,10023450179,"553769640214",""
1000012345000046,12741463,BIG BOX CEREAL 20 LTD,OL11 1LJ,10612,1,10,1,A,10023450166,"553769640228",""
1000012345000047,12743252,BIG BOX CEREAL 17 LTD,OL11 1UT,10612,1,10,1,A,10023450167,"553769640225",""
1000012345000048,12758033,BIG BOX CEREAL 9 LTD,OL16 1XB,10612,1,10,1,A,10023450177,"553769640216",""
1000012345000049,12764969,BIG BOX CEREAL 7 LTD,TS14 7DH,10612,1,10,1,A,10023450203,"553769640213",""
1000012345000050,12852643,BIG BOX CEREAL 46 LTD,B94 5LT,10612,1,10,1,A,10023450102,"553769640258",""
1000012345000051,12878303,BIG BOX CEREAL 54 LTD,M8 8EN,10612,1,10,1,A,10023450158,"553769640273",""
1000012345000052,12894651,BIG BOX CEREAL 38 LTD,SK6 4AN,10612,1,10,1,A,10023450193,"553769640250",""
1000012345000053,12902696,BIG BOX CEREAL 34 LTD,RM12 6JL,10612,1,10,1,A,10023450187,"553769640245",""
1000012345000054,12902701,BIG BOX CEREAL 31 LTD,BS5 6DH,10612,1,10,1,A,10023450106,"553769640241",""
1000012345000055,12902750,BIG BOX CEREAL 30 LTD,DA16 3PR,10612,1,10,1,A,10023450126,"553769640240",""
1000012345000056,12902833,BIG BOX CEREAL 29 LTD,E17 7DB,10612,1,10,1,A,10023450136,"553769640239",""
1000012345000059,4423770,M&AOHWLESALE LTD,NG14 5AR,73120,1,10,1,A,10023450162,"868500288000","065H7Z31732"
1000012345000103,,BUEADLIING SOLUTIONS LTD,WD5 0HA ,56103,1,10,3,,10023450206,"868504062000",""
1000012345000104,,JO2WMILITED,DG14 0RZ,86900,1,10,1,,10023450130,"",""
1000012345000105,,AUBASOT(CHRISTCHURCH) LIMITED,OL12 8EH,90010,1,10,2,,10023450173,"862764963000",""
1000012345000071,5306817,TIPO@SNOLTD,TR4 8SG ,82190,1,10,1,A,10023450202,"862768657000","035H7A22627"
1000012345000091,7929797,TIPO@SNOLTD,MK18 2RL,90010,1,10,1,A,10023450161,"862791764000","125H7A71620"
1000012345000082,5483819,A&AIMSTH & RUST,BT78 2BR,71129,1,10,1,A,10023450113,"863898438000","125H7Z76149"
1000012345000057,4334768,B&AULPMBING,BT78 2BR,62020,1,10,1,A,10023450113,"863974551000","845H7Z28099"
1000012345000085,5504523,C&AWAORTHINGTON,PL25 3RR,70229,1,10,1,A,10023450181,"864362586000","195H7Z78538"
1000012345000079,5448884,F&ALOHDINGS LTD,DN14 7NN,47250,1,10,1,A,10023450132,"865059676000","665H7Z75347"
1000012345000081,5462502,THAC9IRENE PLACE,GL54 5BE,41100,1,10,1,A,10023450140,"705322646019",""
1000012345000106,,MACAITRN,PE20 2BQ,1130,1,10,2,,10023450180,"865649355000",""
1000012345000107,,PLCABMUING/HEATING & MAINTENANCE,HA1 3TS ,93191,1,10,2,,10023450146,"865668644000",""
1000012345000084,5496244,J&AOORFING HASLEMERE LTD,CT4 8AR ,71129,1,10,1,A,10023450121,"865671367000","395H7Z76402"
1000012345000108,,APHCALEPL,EC2V 7BX,1410,1,10,3,,10023450137,"865678640000",""
1000012345000073,5360774,M&AROFGERTY,GU6 7LB ,43210,1,10,1,A,10023450145,"866443574000","065H7Z98010"
1000012345000075,5396020,M&ATUFURES LTD,GU15 3DX,62020,1,10,1,A,10023450143,"866644249000","065H7Z76932"
1000012345000080,5451141,M&ATUFURES LTD,GU15 3DX,46342,1,10,1,A,10023450143,"866648646000","575H7Z76895"
1000012345000083,5491141,M&AOHPTOGRAPHY LIMITED,BT78 1AU,62020,1,10,1,A,10023450112,"866925239000",""
1000012345000109,,RAG2BIHPC DESIGN LTD,BT44 9LB,64209,1,10,1,,10023450111,"",""
1000012345000110,,CIMALIVENGINEERING LTD,HA5 2BR ,56101,1,10,2,,10023450147,"",""
1000012345000111,,KEJANELTD,M14 5RF ,56103,1,10,2,,10023450156,"","125H7A62272"
1000012345000112,,CHMAWDAICK,SY7 8PL ,32500,1,10,3,,10023450199,"","915H7Z52253"
1000012345000113,,(SMASSUEX) LTD,EX32 7JR,43220,1,10,2,,10023450138,"","915H7V34330"
1000012345000114,,HEMAFYRICS,GU10 5LU,93120,1,10,2,,10023450141,"","915H7Z72878"
1000012345000115,,DNAAWMHOLESALE LTD,SG5 3TQ ,43320,1,10,2,,10023450192,"213742804000",""
1000012345000116,,AUBASOT( CHRISTCHURCH ) LIMITED,CO6 3LG ,49410,1,10,2,,10023450120,"769072263000",""
1000012345000117,,SMANOCSULTANCY LTD,TF10 7BE,96020,1,10,2,,10023450201,"","915H7Z74262"
1000012345000097,NI027780,ARUQ4RETS LTD,CW5 7BF ,68209,1,10,1,A,10023450124,"161036522000",""
1000012345000096,NI026704,CRMATBAREE LTD,BT37 0PQ,96020,1,10,1,A,10023450110,"","915H7Z71460"
1000012345000099,NI035924,&KAJMHUGHES,KY6 3NE ,68320,1,10,1,A,10023450154,"885262962000","475H7A83589"
1000012345000118,,JO2WDTL,CO6 1TB ,64301,1,10,1,,10023450119,"",""
1000012345000119,,SUMAESSX LTD,W1K 6TT ,96020,1,10,2,,10023450205,"","925H7Z58966"
1000012345000100,NI584296,DNAABEUILDING SOLUTIONS LTD,ST5 5LS ,96020,1,10,1,A,10023450197,"899043358000","475H7A71128"
1000012345000120,,WEMAIDLNG & STEEL FABRIC,W1K 6TT ,96020,1,10,2,,10023450205,"","925H7Z75117"
1000012345000094,NI023985,MEOM4UTNM LIMITED,S7 1DY  ,38320,1,10,7,A,10023450190,"118946056000","915H7Z72071"
1000012345000095,NI026041,INMASUDTRIAL (UK) LTD,GU10 5LU,91020,1,10,7,A,10023450141,"","915H7Z73289"
1000012345000121,,DNAAPMLUMBING AND HEATING,HP2 7PT ,43310,1,10,2,,10023450149,"151982164000",""
1000012345000098,NI028069,A&AMOHES LTD,IP2 0DE ,71129,1,10,1,A,10023450150,"863549159000","925H7Z76037"
1000012345000058,4421983,T&AHEVICLE SERVICING UK LTD,CF44 7BN,68320,1,10,1,A,10023450117,"869334757000","035H7Z45931"
1000012345000072,5334525,DNAACIAMPBELL,KT17 2QN,90040,1,10,1,A,10023450153,"909286067000","035H7Z69820"
1000012345000069,5193712,&JAHKEATHER,NR7 8JT ,82911,1,10,1,A,10023450163,"","035H7Z65883"
1000012345000078,5432843,BOJAEWSLL LIMITED,BA1 3AU ,90030,1,10,1,A,10023450103,"","035H7Z75756"
1000012345000065,4911870,AGJASUILTD,BT32 3YJ,69201,1,10,1,A,10023450108,"","035H7Z71605"
1000012345000070,5280545,BJAULPMBING & HEATING LTD,BT32 3YJ,86900,1,10,1,A,10023450108,"","035H7Z72466"
1000012345000074,5386693,A&ARACRUTHERS LTD,MK18 2RL,96090,1,10,1,A,10023450161,"862944667000","035H7Z75474"
1000012345000122,,LTL2CD,DE22 5JE,68209,1,10,1,,10023450127,"",""
1000012345000061,4646968,&IAJLMOORLAND,GU15 2PB,86900,1,10,1,A,10023450142,"","035H7Z39978"
1000012345000123,,BOJAELIR MAINTENANCE LIMITED,SN5 8ZD ,82990,1,10,2,,10023450195,"","035H7Z73979"
1000012345000064,4843459,CEIAILINGS PARTITIONS LTD,DN5 9SF ,86900,1,10,7,A,10023450135,"","035H7Z45124"
1000012345000062,4654835,DNAARJOOFING (HASLEMERE) LTD,DN14 8LS,55100,1,10,1,A,10023450133,"974996908000","365H7Z73608"
1000012345000063,4661499,DNAANKORTH LIMITED,DN14 8LS,55100,1,10,1,A,10023450133,"974996908001",""
1000012345000060,4633669,CA&AOWRTHINGTON,B45 8XH ,47710,1,10,1,A,10023450101,"864428775002",""
1000012345000089,5980653,C&ATACERING (UK) LIMITED,PL25 3RR,47710,1,10,1,A,10023450181,"864428775000",""
1000012345000068,5159818,M&AOHPTOGRAPHY LTD,BT78 1AU,82990,1,10,1,A,10023450112,"867412975000",""
1000012345000102,OC283267,M&AULPMBING & HEATING SCOTLAND,BT78 1AU,82990,1,10,1,A,10023450112,"867412975001",""
1000012345000067,5087037,DNAAPJLASTICS LTD,KT17 2QN,71121,1,10,1,A,10023450153,"974881131000","415H7Z76767"
1000012345000090,6161941,DNAAQJUALITY MEATS LTD,DN14 8LS,71121,1,10,1,A,10023450133,"974881131001",""
1000012345000076,5402717,BAAAALLNTYNE LTD,DE4 2GE ,41201,1,10,1,A,10023450128,"870852680001",""
1000012345000077,5402908,R+ALIGLEN,BT94 4DQ,41201,1,10,1,A,10023450114,"870852680000","415H7Z80801"
1000012345000066,5061111,R&ASMTEPHENSON,CV35 7TS,71122,1,10,1,A,10023450122,"869257843000","575H7Z71278"
1000012345000087,5707994,S&ATAWERHOUSE,CF48 4NX,71122,1,10,1,A,10023450118,"869257843004",""
1000012345000093,9585950,ORPS4STCAMPS LTD,YO6 7HE ,43390,1,10,1,A,10023450210,"216347595000","075H7Z82992"
1000012345000092,9263285,BAAAALLNTYNE LTD,RG10 0DG,69102,1,10,1,A,10023450183,"876756227000","535H7Z91015"
1000012345000086,5568599,DNAACAARRUTHERS LTD,DE4 3LD ,96090,1,10,1,A,10023450129,"892205891000","585H7Z82827"
1000012345000088,5791919,DNAAHAOMES LIMITED,BS4 5DY ,96090,1,10,1,A,10023450105,"892205891001","585H7Z95910"
1000012345000101,NI587803,BAAAALLNTYNE LTD,M29 8RD ,25110,1,10,1,A,10023450157,"872984546000","955H7Z79572"
1000012345000124,,KEJANELIMITED,LU6 3HS ,96020,1,10,2,,10023450155,"","125H7A25264,125H7Z61772"
1000012345000125,,PJAHOJNSON,CV35 8EP,56103,1,10,2,,10023450123,"","195H7A07564,475H7A80894"
